epoch,train_loss,val_loss,type_acc,type_macro_f1,part_acc,part_macro_f1,integrity_acc,integrity_macro_f1,material_acc,material_macro_f1,mean_macro_f1,backbone_trainable,backbone_lr,head_lr
1,0.8907950168306177,0.8706511795520783,0.5753424657534246,0.4791312574458642,0.4939759036144578,0.2469298245614035,0.8733333333333333,0.5854545454545454,0.6643835616438356,0.45927549851781796,0.4426977814949078,0,0.0,0.0003
2,0.6132311929355968,0.7648061513900757,0.684931506849315,0.6278002051133238,0.5060240963855421,0.4151556388596469,0.8533333333333334,0.615205223880597,0.726027397260274,0.5130970011106997,0.5428145172410668,0,0.0,0.0002886199901104373
3,0.560852285135876,0.741510933637619,0.7397260273972602,0.6448335488041371,0.5421686746987951,0.29305435720448664,0.8533333333333334,0.6527777777777778,0.7808219178082192,0.6707536116714551,0.5653548238644642,1,3e-05,0.00025621246378738883
4,0.3069085641340776,0.4712842181324959,0.7945205479452054,0.7717056524381568,0.6265060240963856,0.5614814814814815,0.9266666666666666,0.7410139695495213,0.7671232876712328,0.6474382815327087,0.6804098462504671,1,2.8057368354874363e-05,0.00020771117313858088
5,0.1431035307998007,0.5929983019828796,0.773972602739726,0.7518545713101068,0.6385542168674698,0.5715233785822021,0.9266666666666666,0.7183819764464925,0.8013698630136986,0.6679175219414304,0.6774193620700579,1,2.275e-05,0.00015049999999999997
6,0.05959027870134874,0.5972387865185738,0.7397260273972602,0.721963776963777,0.6987951807228916,0.5615053763440859,0.9266666666666666,0.7183819764464925,0.7876712328767124,0.6611384044324353,0.6657473835466977,1,1.55e-05,9.328882686141906e-05
7,0.029639226977120747,0.62662732899189,0.7808219178082192,0.7518640045400609,0.6506024096385542,0.5247987117552335,0.9266666666666666,0.6909533620528189,0.8013698630136986,0.6878549695740365,0.6638677619805374,1,8.250000000000004e-06,4.478753621261114e-05
8,0.015127758749506691,0.6253667518496513,0.7876712328767124,0.7533576906619268,0.6987951807228916,0.6172374429223744,0.9266666666666666,0.6570359592600291,0.815068493150685,0.7030267662620604,0.6826644647765977,1,2.9426316451256386e-06,1.238000988956263e-05
9,0.012292539404535835,0.6131243482232094,0.773972602739726,0.7466484549055729,0.6746987951807228,0.6054460093896713,0.9266666666666666,0.6570359592600291,0.7945205479452054,0.6838804713804714,0.6732527237339362,1,1e-06,1e-06
