path,width,height,aspect
data/raw/images/М102-2012-1-0494_orig.jpg,3738,3587,1.0420964594368554
data/raw/images/М102-2012-1-0496_orig.jpg,5909,3328,1.7755408653846154
data/raw/images/М102-2012-1-0529_orig.jpg,5069,5238,0.9677357770141275
data/raw/images/М102-2012-1-0585_orig.jpg,3984,5176,0.7697063369397218
data/raw/images/М102-2012-1-0603_orig.jpg,4168,5632,0.7400568181818182
data/raw/images/М102-2012-1-0611_orig.jpg,7992,4248,1.88135593220339
data/raw/images/М102-2012-1-0691_orig.jpg,8736,3144,2.7786259541984735
data/raw/images/М102-2012-1-0752_orig.jpg,3624,6741,0.5376056964842012
data/raw/images/М102-2012-1-0827_orig.jpg,2154,4524,0.4761273209549072
data/raw/images/М102-2012-1-0833_orig.jpg,2512,5712,0.43977591036414565
data/raw/images/М102-2012-1-0837_orig.jpg,4320,5736,0.7531380753138075
data/raw/images/М102-2012-1-0843_orig.jpg,3976,6040,0.6582781456953642
data/raw/images/М102-2012-1-0847_orig.jpg,2792,6784,0.4115566037735849
data/raw/images/М102-2012-1-0851_orig.jpg,3624,5208,0.695852534562212
data/raw/images/М102-2012-1-0942_orig.jpg,8160,4720,1.728813559322034
data/raw/images/М102-2012-1-0949_orig.jpg,6084,7533,0.8076463560334528
data/raw/images/М102-2012-1-1008_orig.jpg,8496,6321,1.3440911248220218
data/raw/images/М102-2012-2-0538_orig.jpg,3724,2140,1.7401869158878505
data/raw/images/М102-2012-2-0543_orig.jpg,7676,2679,2.8652482269503547
data/raw/images/М102-2012-2-1028_orig.jpg,3276,7545,0.4341948310139165
data/raw/images/М102-2012-2-1068_orig.jpg,6791,2654,2.558779201205727
data/raw/images/М102-2012-2-1086_orig.jpg,6587,3184,2.0687814070351758
data/raw/images/М102-2012-2-1095_orig.jpg,5195,2457,2.1143671143671146
data/raw/images/М102-2012-2-1121_orig.jpg,4417,1817,2.430930104567969
data/raw/images/М102-2012-2-1123_orig.jpg,4498,2020,2.226732673267327
data/raw/images/М102-2012-2-1125_orig.jpg,3809,1912,1.9921548117154813
data/raw/images/М102-2012-2-1166_orig.jpg,3954,2876,1.3748261474269818
data/raw/images/М102-2012-2-1181_orig.jpg,5471,3777,1.4485041037860735
data/raw/images/М102-2012-2-1248_orig.jpg,3456,1894,1.8247096092925026
data/raw/images/М102-2012-2-1264_orig.jpg,4296,2700,1.5911111111111111
data/raw/images/М102-2012-2-1265_orig.jpg,8824,3256,2.71007371007371
data/raw/images/М102-2012-2-1267_orig.jpg,6304,2590,2.433976833976834
data/raw/images/М102-2012-2-1271_orig.jpg,3360,7917,0.4244031830238727
data/raw/images/М102-2012-2-1279_orig.jpg,3890,4744,0.8199831365935919
data/raw/images/М102-2012-2-1313_orig.jpg,5428,2951,1.8393764825482888
data/raw/images/М102-2012-2-1314_orig.jpg,4321,1894,2.281414994720169
data/raw/images/М102-2012-2-1319_orig.jpg,7476,2542,2.940991345397325
data/raw/images/М102-2012-2-1327_orig.jpg,4768,2895,1.6469775474956823
data/raw/images/М102-2012-2-1359_orig.jpg,6660,2100,3.1714285714285713
data/raw/images/М102-2012-2-1360_orig.jpg,3396,7221,0.47029497299543
data/raw/images/М102-2012-2-1361_orig.jpg,3944,4440,0.8882882882882883
data/raw/images/М102-2012-2-1394_orig.jpg,2117,5044,0.4197065820777161
data/raw/images/М102-2012-2-1406_orig.jpg,6312,2658,2.374717832957111
data/raw/images/М102-2012-2-1423_orig.jpg,5415,3666,1.4770867430441899
data/raw/images/Мич11-ш01-005_orig.jpg,6464,4000,1.616
data/raw/images/Мич11-ш01-029_orig.jpg,12880,7792,1.6529774127310062
data/raw/images/Мич11-ш02-053_orig.jpg,9144,6094,1.5004922874958977
data/raw/images/Мич11-ш02-057_orig.jpg,10596,7581,1.3977047882865057
data/raw/images/Мич11-ш04-155_orig.jpg,5544,4952,1.1195476575121164
data/raw/images/БП11-Р01-Г01-1247_orig.jpg,1080,678,1.592920353982301
data/raw/images/БП11-Р01-Г03-6493_orig.jpg,1080,690,1.565217391304348
data/raw/images/БП11-Р01-Г01-1290_orig.jpg,1080,871,1.2399540757749712
data/raw/images/БП11-Р01-Г01-1395_orig.jpg,1080,570,1.894736842105263
data/raw/images/БП11-Р01-тех-0069_orig.jpg,865,1920,0.4505208333333333
data/raw/images/БП11-Р01-тех-0468_orig.jpg,1080,1179,0.916030534351145
data/raw/images/БП11-Р01-Г01-1137_orig.jpg,1080,636,1.6981132075471699
data/raw/images/БП11-Р01-тех-0061_orig.jpg,1080,867,1.245674740484429
data/raw/images/БП11-Р01-Г01-1065_orig.jpg,1080,813,1.3284132841328413
data/raw/images/БП11-Р01-Г01-1251_orig.jpg,1080,1291,0.836560805577072
data/raw/images/БП11-Р01-Г03-3339_orig.jpg,1080,610,1.7704918032786885
data/raw/images/БП11-Р01-Г01-0944_orig.jpg,1080,933,1.157556270096463
data/raw/images/БП11-Р01-Г03-3244_orig.jpg,1080,959,1.1261730969760166
data/raw/images/БП11-Р01-тех-0443_orig.jpg,1080,1042,1.036468330134357
data/raw/images/БП11-Р01-Г01-1315_orig.jpg,1080,866,1.2471131639722863
data/raw/images/БП11-Р01-Г01-1055_orig.jpg,1080,840,1.2857142857142858
data/raw/images/БП11-Р01-Г01-1397_orig.jpg,1080,633,1.7061611374407584
data/raw/images/БП11-Р01-тех-0381_orig.jpg,1080,427,2.529274004683841
data/raw/images/БП11-Р01-тех-0421_orig.jpg,1080,770,1.4025974025974026
data/raw/images/БП11-Р01-Г01-1405_orig.jpg,1080,1171,0.9222886421861657
data/raw/images/БП11-Р01-Г01-1192_orig.jpg,1080,651,1.6589861751152073
data/raw/images/БП11-Р01-Г01-1197_orig.jpg,1080,848,1.2735849056603774
data/raw/images/БП11-Р01-Г01-1396_orig.jpg,1080,1256,0.8598726114649682
data/raw/images/БП11-Р01-Г01-1248_orig.jpg,1080,1282,0.8424336973478939
data/raw/images/БП11-Р01-тех-0060_orig.jpg,1080,797,1.355081555834379
data/raw/images/БП11-Р01-Г01-1289_orig.jpg,1080,1101,0.9809264305177112
data/raw/images/БП11-Р01-Г03-6484_orig.jpg,1080,1491,0.7243460764587525
data/raw/images/БП11-Р01-тех-0394_orig.jpg,1080,440,2.4545454545454546
data/raw/images/БП11-Р01-Г03-6483_orig.jpg,1080,683,1.581259150805271
data/raw/images/Кроп-2013-151_orig.jpg,4421,4894,0.903351042092358
data/raw/images/Кроп-2013-152_orig.jpg,3880,5592,0.6938483547925608
data/raw/images/Кроп-2013-155_orig.jpg,4843,2210,2.191402714932127
data/raw/images/Кроп-2013-158_orig.jpg,1747,2357,0.7411964361476453
data/raw/images/Кроп-2013-159_orig.jpg,4727,9687,0.4879735728295654
data/raw/images/Кроп-2013-163_orig.jpg,3238,8549,0.37875774944437945
data/raw/images/Кроп-2013-186_orig.jpg,4357,7254,0.6006341328921974
data/raw/images/Кроп-2013-203_orig.jpg,15292,3547,4.311248942768537
data/raw/images/Кроп-2013-204_orig.jpg,10253,2825,3.6293805309734513
data/raw/images/Кроп-2013-218_orig.jpg,12499,3147,3.9717190975532253
data/raw/images/Кроп-2013-240_orig.jpg,5731,5583,1.0265090453161383
data/raw/images/Кроп-2013-243_orig.jpg,4421,9200,0.48054347826086957
data/raw/images/Кроп-2013-248_orig.jpg,5822,6044,0.9632693580410324
data/raw/images/Кроп-2013-252_orig.jpg,4352,10732,0.4055162131941856
data/raw/images/Кроп-2013-262_orig.jpg,4762,11893,0.4004035987555705
data/raw/images/Кроп-2013-263_orig.jpg,4521,10677,0.4234335487496488
data/raw/images/Кроп-2013-266_orig.jpg,5494,10530,0.5217473884140551
data/raw/images/Кроп-2013-267_orig.jpg,3669,14212,0.25816211652124965
data/raw/images/Кроп-2013-268_orig.jpg,4598,9607,0.47860934735089
data/raw/images/Кроп-2013-285_orig.jpg,3911,8529,0.4585531715324188
data/raw/images/Кроп-2013-317_orig.jpg,4028,8566,0.4702311463927154
data/raw/images/Кроп-2013-373_orig.jpg,3846,9353,0.4112049609750882
data/raw/images/Кроп-2013-391_orig.jpg,8002,6671,1.1995203117973317
data/raw/images/Кроп-2013-392_orig.jpg,7517,5615,1.3387355298308103
data/raw/images/Кроп-2013-398_orig.jpg,7710,7430,1.0376850605652759
data/raw/images/Кроп-2013-399_orig.jpg,4381,9390,0.4665601703940362
data/raw/images/Кроп-2013-400_orig.jpg,4620,8786,0.5258365581607102
data/raw/images/Кроп-2013-401_orig.jpg,4995,6506,0.7677528435290502
data/raw/images/Кроп-2013-403_orig.jpg,3714,9719,0.3821380800493878
data/raw/images/Кроп-2013-414_orig.jpg,5941,9834,0.604128533658735
data/raw/images/Кроп-2013-415_orig.jpg,7892,2760,2.8594202898550725
data/raw/images/Кроп-2013-421_orig.jpg,6611,3382,1.9547604967474868
data/raw/images/Кроп-2013-422_orig.jpg,7351,4454,1.6504265828468792
data/raw/images/Кроп-2013-430_orig.jpg,5397,8027,0.672355799177775
data/raw/images/Кроп-2013-478_orig.jpg,4573,10103,0.45263783034742155
data/raw/images/Кроп-2013-481_orig.jpg,3894,11903,0.3271444173737713
data/raw/images/Кроп-2013-482_orig.jpg,3778,10963,0.3446137006293898
data/raw/images/Кроп-2013-484_orig.jpg,3744,10298,0.3635657409205671
data/raw/images/Кроп-2013-Тр1-023_orig.jpg,5297,7063,0.7499646042758035
data/raw/images/Кроп-2013-Тр2-032_orig.jpg,4223,9150,0.46153005464480873
data/raw/images/Кроп-2013-Тр2-045_orig.jpg,6521,2793,2.334765485141425
data/raw/images/Кроп-2013-Тр2-049_orig.jpg,5843,3612,1.6176633444075303
data/raw/images/Кроп-2013-Тр2-050_orig.jpg,7181,3078,2.3330084470435346
data/raw/images/Кроп-2013-Тр2-053_orig.jpg,3960,9454,0.41887031944150627
data/raw/images/Нев11-Г0-005_orig.jpg,7798,4280,1.8219626168224299
data/raw/images/Нев11-Г0-006_orig.jpg,8036,5439,1.4774774774774775
data/raw/images/Нев11-Г02-009_orig.jpg,7428,6378,1.1646284101599247
data/raw/images/Нев11-Г02-010_orig.jpg,5973,5796,1.0305383022774328
data/raw/images/Нев11-Г02-012_orig.jpg,6244,4062,1.5371738060068931
data/raw/images/Нев11-Г02-021_orig.jpg,8016,12215,0.6562423250102333
data/raw/images/Нев11-Г02-022_orig.jpg,6496,5600,1.16
data/raw/images/Нев11-Г02-023_orig.jpg,6220,8957,0.6944289382605783
data/raw/images/Нев11-Г02-033_orig.jpg,8732,5921,1.4747508866745482
data/raw/images/Нев11-Г03-037_orig.jpg,4120,5831,0.7065683416223633
data/raw/images/Нев11-Г03-038_orig.jpg,7864,4282,1.8365249883232135
data/raw/images/Нев11-Г03-043_orig.jpg,6189,8722,0.709584957578537
data/raw/images/Нев11-Г03-044_orig.jpg,7785,4199,1.8540128602048107
data/raw/images/Нев11-Г03-058_orig.jpg,6022,5528,1.0893632416787264
data/raw/images/Нев11-Г03-096_orig.jpg,6799,8289,0.8202436964651948
data/raw/images/Нев11-Г03-097_orig.jpg,5076,4570,1.1107221006564552
data/raw/images/Нев11-Г03-178_orig.jpg,10251,6066,1.6899109792284865
data/raw/images/Нев11-Г03-181_orig.jpg,11072,6463,1.713136314405075
data/raw/images/Нев11-Г04-182_orig.jpg,9704,2581,3.759783029833398
data/raw/images/Нев11-Г04-185_orig.jpg,11988,3802,3.1530773277222512
data/raw/images/Нев11-Г04-187_orig.jpg,5017,5592,0.8971745350500715
data/raw/images/Нев11-Г04-197_orig.jpg,4720,4384,1.0766423357664234
data/raw/images/Нев11-Г04А-210_orig.jpg,11234,3444,3.261904761904762
data/raw/images/Нев11-Г05-055_orig.jpg,11040,6821,1.6185310071836974
data/raw/images/Нев11-Г05-056_orig.jpg,12550,3304,3.7984261501210654
data/raw/images/Нев11-Г05-228_orig.jpg,10308,5916,1.7423935091277891
data/raw/images/Нев11-Г05-235_orig.jpg,9257,6669,1.3880641775378617
data/raw/images/Нев11-под-001_orig.jpg,8122,5806,1.3988976920427145
data/raw/images/БП12-Г01-0726_orig.jpg,1031,1920,0.5369791666666667
data/raw/images/БП12-Г01-0732_orig.jpg,1080,726,1.487603305785124
data/raw/images/БП12-Г01-0767_orig.jpg,923,1920,0.48072916666666665
data/raw/images/БП12-Г01-0774_orig.jpg,1080,532,2.030075187969925
data/raw/images/БП12-Г01-0783_orig.jpg,1080,1655,0.6525679758308157
data/raw/images/БП12-Г01-0784_orig.jpg,989,1920,0.5151041666666667
data/raw/images/БП12-Г01-0794_orig.jpg,830,1920,0.4322916666666667
data/raw/images/БП12-Г01-0956_orig.jpg,568,1920,0.29583333333333334
data/raw/images/БП12-Г01-1007_orig.jpg,1080,448,2.4107142857142856
data/raw/images/БП12-Г01-1008_orig.jpg,1080,731,1.4774281805745555
data/raw/images/БП12-Г01-1016_orig.jpg,1080,449,2.4053452115812917
data/raw/images/БП12-Г01-1017_orig.jpg,794,1920,0.41354166666666664
data/raw/images/БП12-Г01-1036_orig.jpg,799,1920,0.4161458333333333
data/raw/images/БП12-Г01-1697_orig.jpg,1080,1347,0.8017817371937639
data/raw/images/БП12-Г01-1713_orig.jpg,1080,728,1.4835164835164836
data/raw/images/БП12-Г01-1956_orig.jpg,1080,645,1.6744186046511629
data/raw/images/БП12-Г01-1974_orig.jpg,1080,1444,0.7479224376731302
data/raw/images/БП12-Г01-1985_orig.jpg,974,1920,0.5072916666666667
data/raw/images/БП12-Г01-2474_orig.jpg,834,1920,0.434375
data/raw/images/БП12-Г01-2475_orig.jpg,1080,319,3.385579937304075
data/raw/images/БП12-Г01-2476_orig.jpg,1080,738,1.4634146341463414
data/raw/images/БП12-Г01-3217_orig.jpg,1080,1004,1.0756972111553784
data/raw/images/БП12-Г01-3218_orig.jpg,960,1920,0.5
data/raw/images/БП12-Г01-3220_orig.jpg,1080,1407,0.767590618336887
data/raw/images/БП12-Г01-3239_orig.jpg,1080,1509,0.7157057654075547
data/raw/images/БП12-Г01-3414_orig.jpg,1080,1656,0.6521739130434783
data/raw/images/БП12-Г01-3416_orig.jpg,1003,1920,0.5223958333333333
data/raw/images/БП12-Г01-3461_orig.jpg,885,1920,0.4609375
data/raw/images/БП12-Г01-3462_orig.jpg,844,1920,0.4395833333333333
data/raw/images/БП12-Г01-3511_orig.jpg,1080,1566,0.6896551724137931
data/raw/images/БП12-Г01-3577_orig.jpg,1080,1882,0.5738575982996812
data/raw/images/БП12-Г01-4902_orig.jpg,694,1920,0.3614583333333333
data/raw/images/БП12-Г01-4903_orig.jpg,1080,1698,0.6360424028268551
data/raw/images/БП12-Г01-5688_orig.jpg,1080,935,1.1550802139037433
data/raw/images/БП12-Г01-5772_orig.jpg,1080,393,2.7480916030534353
data/raw/images/БП12-Г01-5843_orig.jpg,1080,1903,0.5675249605885444
data/raw/images/БП12-Г01-5844_orig.jpg,1067,1920,0.5557291666666667
data/raw/images/БП12-Г01-5845_orig.jpg,789,1920,0.4109375
data/raw/images/БП12-Г01-5990_orig.jpg,828,1920,0.43125
data/raw/images/БП12-Г01-6186_orig.jpg,1080,1764,0.6122448979591837
data/raw/images/БП12-Г01-6214_orig.jpg,869,1920,0.45260416666666664
data/raw/images/БП12-Г01-6335_orig.jpg,1080,598,1.806020066889632
data/raw/images/БП12-Г01-6336_orig.jpg,704,1920,0.36666666666666664
data/raw/images/БП12-Г01-6521_orig.jpg,1080,1799,0.6003335186214563
data/raw/images/БП12-Г01-6522_orig.jpg,1080,1867,0.578468130690948
data/raw/images/БП12-Г01-6523_orig.jpg,847,1920,0.44114583333333335
data/raw/images/БП12-Г01-6524_orig.jpg,1080,1795,0.6016713091922006
data/raw/images/БП12-Г01-6525_orig.jpg,896,1920,0.4666666666666667
data/raw/images/БП12-Г01-6538_orig.jpg,769,1920,0.4005208333333333
data/raw/images/БП12-Г01-6540_orig.jpg,836,1920,0.4354166666666667
