image_file,group_key
data/raw/images/М102-2012-1-0494_orig.jpg,М102-2012-1-0494
data/raw/images/М102-2012-1-0585_orig.jpg,М102-2012-1-0585
data/raw/images/М102-2012-1-0691_orig.jpg,М102-2012-1-0691
data/raw/images/М102-2012-1-0851_orig.jpg,М102-2012-1-0851
data/raw/images/М102-2012-1-0942_orig.jpg,М102-2012-1-0942
data/raw/images/М102-2012-1-1008_orig.jpg,М102-2012-1-1008
data/raw/images/М102-2012-2-0538_orig.jpg,М102-2012-2-0538
data/raw/images/М102-2012-2-1068_orig.jpg,М102-2012-2-1068
data/raw/images/М102-2012-2-1123_orig.jpg,М102-2012-2-1123
data/raw/images/М102-2012-2-1166_orig.jpg,М102-2012-2-1166
data/raw/images/М102-2012-2-1267_orig.jpg,М102-2012-2-1267
data/raw/images/М102-2012-2-1319_orig.jpg,М102-2012-2-1319
data/raw/images/М102-2012-2-1327_orig.jpg,М102-2012-2-1327
data/raw/images/М102-2012-2-1359_orig.jpg,М102-2012-2-1359
data/raw/images/М102-2012-2-1360_orig.jpg,М102-2012-2-1360
data/raw/images/М102-2012-2-1361_orig.jpg,М102-2012-2-1361
data/raw/images/Мич11-ш01-005_orig.jpg,Мич11-ш01-005
data/raw/images/Мич11-ш02-053_orig.jpg,Мич11-ш02-053
data/raw/images/Мич11-ш04-155_orig.jpg,Мич11-ш04-155
data/raw/images/БП11-Р01-Г01-1247_orig.jpg,БП11-Р01-Г01-1247
data/raw/images/БП11-Р01-тех-0468_orig.jpg,БП11-Р01-тех-0468
data/raw/images/БП11-Р01-Г01-1137_orig.jpg,БП11-Р01-Г01-1137
data/raw/images/БП11-Р01-Г01-1065_orig.jpg,БП11-Р01-Г01-1065
data/raw/images/БП11-Р01-Г01-1251_orig.jpg,БП11-Р01-Г01-1251
data/raw/images/БП11-Р01-Г03-3339_orig.jpg,БП11-Р01-Г03-3339
data/raw/images/БП11-Р01-Г01-0944_orig.jpg,БП11-Р01-Г01-0944
data/raw/images/БП11-Р01-Г01-1315_orig.jpg,БП11-Р01-Г01-1315
data/raw/images/БП11-Р01-Г01-1397_orig.jpg,БП11-Р01-Г01-1397
data/raw/images/БП11-Р01-тех-0421_orig.jpg,БП11-Р01-тех-0421
data/raw/images/БП11-Р01-Г01-1405_orig.jpg,БП11-Р01-Г01-1405
data/raw/images/БП11-Р01-Г01-1192_orig.jpg,БП11-Р01-Г01-1192
data/raw/images/БП11-Р01-Г01-1197_orig.jpg,БП11-Р01-Г01-1197
data/raw/images/БП11-Р01-Г01-1396_orig.jpg,БП11-Р01-Г01-1396
data/raw/images/БП11-Р01-Г01-1248_orig.jpg,БП11-Р01-Г01-1248
data/raw/images/БП11-Р01-Г03-6484_orig.jpg,БП11-Р01-Г03-6484
data/raw/images/БП11-Р01-тех-0394_orig.jpg,БП11-Р01-тех-0394
data/raw/images/Кроп-2013-159_orig.jpg,Кроп-2013-159
data/raw/images/Кроп-2013-163_orig.jpg,Кроп-2013-163
data/raw/images/Кроп-2013-204_orig.jpg,Кроп-2013-204
data/raw/images/Кроп-2013-243_orig.jpg,Кроп-2013-243
data/raw/images/Кроп-2013-248_orig.jpg,Кроп-2013-248
data/raw/images/Кроп-2013-252_orig.jpg,Кроп-2013-252
data/raw/images/Кроп-2013-285_orig.jpg,Кроп-2013-285
data/raw/images/Кроп-2013-317_orig.jpg,Кроп-2013-317
data/raw/images/Кроп-2013-373_orig.jpg,Кроп-2013-373
data/raw/images/Кроп-2013-391_orig.jpg,Кроп-2013-391
data/raw/images/Кроп-2013-392_orig.jpg,Кроп-2013-392
data/raw/images/Кроп-2013-398_orig.jpg,Кроп-2013-398
data/raw/images/Кроп-2013-400_orig.jpg,Кроп-2013-400
data/raw/images/Кроп-2013-414_orig.jpg,Кроп-2013-414
data/raw/images/Кроп-2013-415_orig.jpg,Кроп-2013-415
data/raw/images/Кроп-2013-422_orig.jpg,Кроп-2013-422
data/raw/images/Кроп-2013-430_orig.jpg,Кроп-2013-430
data/raw/images/Кроп-2013-481_orig.jpg,Кроп-2013-481
data/raw/images/Кроп-2013-484_orig.jpg,Кроп-2013-484
data/raw/images/Кроп-2013-Тр2-049_orig.jpg,Кроп-2013-Тр2-049
data/raw/images/Нев11-Г0-005_orig.jpg,Нев11-Г0-005
data/raw/images/Нев11-Г0-006_orig.jpg,Нев11-Г0-006
data/raw/images/Нев11-Г02-012_orig.jpg,Нев11-Г02-012
data/raw/images/Нев11-Г02-021_orig.jpg,Нев11-Г02-021
data/raw/images/Нев11-Г02-022_orig.jpg,Нев11-Г02-022
data/raw/images/Нев11-Г03-038_orig.jpg,Нев11-Г03-038
data/raw/images/Нев11-Г03-096_orig.jpg,Нев11-Г03-096
data/raw/images/Нев11-Г04-182_orig.jpg,Нев11-Г04-182
data/raw/images/Нев11-Г04-187_orig.jpg,Нев11-Г04-187
data/raw/images/Нев11-Г04-197_orig.jpg,Нев11-Г04-197
data/raw/images/Нев11-Г05-055_orig.jpg,Нев11-Г05-055
data/raw/images/БП12-Г01-0726_orig.jpg,БП12-Г01-0726
data/raw/images/БП12-Г01-0783_orig.jpg,БП12-Г01-0783
data/raw/images/БП12-Г01-0956_orig.jpg,БП12-Г01-0956
data/raw/images/БП12-Г01-1007_orig.jpg,БП12-Г01-1007
data/raw/images/БП12-Г01-1008_orig.jpg,БП12-Г01-1008
data/raw/images/БП12-Г01-1016_orig.jpg,БП12-Г01-1016
data/raw/images/БП12-Г01-1974_orig.jpg,БП12-Г01-1974
data/raw/images/БП12-Г01-2474_orig.jpg,БП12-Г01-2474
data/raw/images/БП12-Г01-2475_orig.jpg,БП12-Г01-2475
data/raw/images/БП12-Г01-3220_orig.jpg,БП12-Г01-3220
data/raw/images/БП12-Г01-3239_orig.jpg,БП12-Г01-3239
data/raw/images/БП12-Г01-3414_orig.jpg,БП12-Г01-3414
data/raw/images/БП12-Г01-3416_orig.jpg,БП12-Г01-3416
data/raw/images/БП12-Г01-4902_orig.jpg,БП12-Г01-4902
data/raw/images/БП12-Г01-5843_orig.jpg,БП12-Г01-5843
data/raw/images/БП12-Г01-6186_orig.jpg,БП12-Г01-6186
data/raw/images/БП12-Г01-6214_orig.jpg,БП12-Г01-6214
data/raw/images/БП12-Г01-6521_orig.jpg,БП12-Г01-6521
data/raw/images/БП12-Г01-6522_orig.jpg,БП12-Г01-6522
data/raw/images/БП12-Г01-6523_orig.jpg,БП12-Г01-6523
data/raw/images/БП12-Г01-6524_orig.jpg,БП12-Г01-6524
data/raw/images/БП12-Г01-6538_orig.jpg,БП12-Г01-6538
data/raw/images/БП12-Г01-6940_orig.jpg,БП12-Г01-6940
data/raw/images/БП12-Г01-7058_orig.jpg,БП12-Г01-7058
data/raw/images/БП12-Г01-7079_orig.jpg,БП12-Г01-7079
data/raw/images/БП12-Г01-7211_orig.jpg,БП12-Г01-7211
data/raw/images/БП12-Г01-7212_orig.jpg,БП12-Г01-7212
data/raw/images/БП12-Г01-7213_orig.jpg,БП12-Г01-7213
data/raw/images/БП12-Г01-7262_orig.jpg,БП12-Г01-7262
data/raw/images/БП12-Г01-7263_orig.jpg,БП12-Г01-7263
data/raw/images/БП12-Г01-7754_orig.jpg,БП12-Г01-7754
data/raw/images/БП12-Г01-7977_orig.jpg,БП12-Г01-7977
data/raw/images/БП12-Г01-8837_orig.jpg,БП12-Г01-8837
data/raw/images/БП12-Г01-8844_orig.jpg,БП12-Г01-8844
data/raw/images/БП12-Г02-2581_orig.jpg,БП12-Г02-2581
data/raw/images/БП12-Г02-2723_orig.jpg,БП12-Г02-2723
data/raw/images/БП12-Г02-2791_orig.jpg,БП12-Г02-2791
data/raw/images/БП12-Г02-3659_orig.jpg,БП12-Г02-3659
data/raw/images/БП12-Г02-3865_orig.jpg,БП12-Г02-3865
data/raw/images/БП12-Г02-3927_orig.jpg,БП12-Г02-3927
data/raw/images/БП12-Г02-4183_orig.jpg,БП12-Г02-4183
data/raw/images/БП12-Г02-4189_orig.jpg,БП12-Г02-4189
data/raw/images/БП12-Г02-4190_orig.jpg,БП12-Г02-4190
data/raw/images/БП12-Г02-4243_orig.jpg,БП12-Г02-4243
data/raw/images/БП12-Г02-4270_orig.jpg,БП12-Г02-4270
data/raw/images/БП12-Г02-4708_orig.jpg,БП12-Г02-4708
data/raw/images/БП12-Г02-5243_orig.jpg,БП12-Г02-5243
data/raw/images/БП12-Г02-5372_orig.jpg,БП12-Г02-5372
data/raw/images/БП12-Г02-8020_orig.jpg,БП12-Г02-8020
data/raw/images/БП12-Т01-8071_orig.jpg,БП12-Т01-8071
data/raw/images/БП12-Т01-8073_orig.jpg,БП12-Т01-8073
data/raw/images/БП12-Т01-8074_orig.jpg,БП12-Т01-8074
data/raw/images/БП12-Т02-7986_orig.jpg,БП12-Т02-7986
data/raw/images/Заг11-ш01-Г01-055_orig.jpg,Заг11-ш01-Г01-055
data/raw/images/Заг11-ш01-Г02-067_orig.jpg,Заг11-ш01-Г02-067
data/raw/images/Заг11-ш01-Г03-145_orig.jpg,Заг11-ш01-Г03-145
data/raw/images/Заг11-ш02-Г02-242_orig.jpg,Заг11-ш02-Г02-242
data/raw/images/КБ-2014-Р1-0131_orig.jpg,КБ-2014-Р1-0131
data/raw/images/КБ-2014-Р1-0400_orig.jpg,КБ-2014-Р1-0400
data/raw/images/КБ-2014-Р1-0427_orig.jpg,КБ-2014-Р1-0427
data/raw/images/КБ-2014-Р1-0547_orig.jpg,КБ-2014-Р1-0547
data/raw/images/КБ-2014-Р1-0716_orig.jpg,КБ-2014-Р1-0716
data/raw/images/КБ-2014-Р1-0718_orig.jpg,КБ-2014-Р1-0718
data/raw/images/КБ-2014-Р1-0780_orig.jpg,КБ-2014-Р1-0780
data/raw/images/КБ-2014-Р1-0782_orig.jpg,КБ-2014-Р1-0782
data/raw/images/КБ-2014-Р1-1032_orig.jpg,КБ-2014-Р1-1032
data/raw/images/КБ-2014-Р1-1033_orig.jpg,КБ-2014-Р1-1033
data/raw/images/КБ-2014-Р1-1388_orig.jpg,КБ-2014-Р1-1388
data/raw/images/КБ-2014-Р1-1464_orig.jpg,КБ-2014-Р1-1464
data/raw/images/КБ-2014-Р1-1489_orig.jpg,КБ-2014-Р1-1489
data/raw/images/КБ-2014-Р1-1508_orig.jpg,КБ-2014-Р1-1508
data/raw/images/КБ-2014-Р1-1518_orig.jpg,КБ-2014-Р1-1518
data/raw/images/КБ-2014-Р1-1539_orig.jpg,КБ-2014-Р1-1539
data/raw/images/КБ-2014-Р1-1540_orig.jpg,КБ-2014-Р1-1540
data/raw/images/КБ-2014-Р1-1568_orig.jpg,КБ-2014-Р1-1568
data/raw/images/КБ-2014-Р2-0056_orig.jpg,КБ-2014-Р2-0056
data/raw/images/КБ-2014-Р2-0091_orig.jpg,КБ-2014-Р2-0091
data/raw/images/КБ-2014-Р2-0092_orig.jpg,КБ-2014-Р2-0092
data/raw/images/КБ-2014-Р2-0127_orig.jpg,КБ-2014-Р2-0127
data/raw/images/КБ-2014-Р2-0128_orig.jpg,КБ-2014-Р2-0128
data/raw/images/КБ-2014-Р2-0130_orig.jpg,КБ-2014-Р2-0130
data/raw/images/КБ-2014-Р2-0132_orig.jpg,КБ-2014-Р2-0132
data/raw/images/КБ-2014-Р2-0211_orig.jpg,КБ-2014-Р2-0211
data/raw/images/КБ-2014-Р2-0218_orig.jpg,КБ-2014-Р2-0218
data/raw/images/КБ-2014-Р2-0323_orig.jpg,КБ-2014-Р2-0323
data/raw/images/КБ-2014-Р2-0331_orig.jpg,КБ-2014-Р2-0331
data/raw/images/КБ-2014-Р2-0430_orig.jpg,КБ-2014-Р2-0430
data/raw/images/КБ-2014-Р2-0431_orig.jpg,КБ-2014-Р2-0431
data/raw/images/КБ-2014-Р2-0435_orig.jpg,КБ-2014-Р2-0435
data/raw/images/КБ-2014-Р2-0484_orig.jpg,КБ-2014-Р2-0484
data/raw/images/КБ-2014-Р2-0485_orig.jpg,КБ-2014-Р2-0485
data/raw/images/КБ-2014-Р2-0532_orig.jpg,КБ-2014-Р2-0532
data/raw/images/КБ-2014-Р2-0568_orig.jpg,КБ-2014-Р2-0568
data/raw/images/КБ-2014-Р2-0574_orig.jpg,КБ-2014-Р2-0574
data/raw/images/КБ-2014-Р2-0603_orig.jpg,КБ-2014-Р2-0603
data/raw/images/КБ-2014-Р2-0605_orig.jpg,КБ-2014-Р2-0605
data/raw/images/КБ-2014-Р2-0616_orig.jpg,КБ-2014-Р2-0616
data/raw/images/КБ-2014-Р2-0638_orig.jpg,КБ-2014-Р2-0638
data/raw/images/КБ-2014-Р2-0646_orig.jpg,КБ-2014-Р2-0646
data/raw/images/КБ-2014-Р2-0656_orig.jpg,КБ-2014-Р2-0656
data/raw/images/КБ-2014-Р2-0668_orig.jpg,КБ-2014-Р2-0668
data/raw/images/КБ-2014-Р2-0701_orig.jpg,КБ-2014-Р2-0701
data/raw/images/КБ-2014-Р2-0712_orig.jpg,КБ-2014-Р2-0712
data/raw/images/КБ-2014-Р2-0717_orig.jpg,КБ-2014-Р2-0717
data/raw/images/КБ-2014-Р2-0773_orig.jpg,КБ-2014-Р2-0773
data/raw/images/КБ-2014-Р2-0780_orig.jpg,КБ-2014-Р2-0780
data/raw/images/КБ-2014-Р2-0791_orig.jpg,КБ-2014-Р2-0791
data/raw/images/КБ-2014-Р3-0049_orig.jpg,КБ-2014-Р3-0049
data/raw/images/КБ-2014-Р3-0114_orig.jpg,КБ-2014-Р3-0114
data/raw/images/КБ-2014-Р3-0116_orig.jpg,КБ-2014-Р3-0116
data/raw/images/КБ-2014-Р3-0147_orig.jpg,КБ-2014-Р3-0147
data/raw/images/КБ-2014-Р3-0157_orig.jpg,КБ-2014-Р3-0157
data/raw/images/КБ-2014-Р3-0171_orig.jpg,КБ-2014-Р3-0171
data/raw/images/КБ-2014-Р3-0252_orig.jpg,КБ-2014-Р3-0252
data/raw/images/КБ-2014-Р3-0268_orig.jpg,КБ-2014-Р3-0268
data/raw/images/КБ-2014-Р3-0302_orig.jpg,КБ-2014-Р3-0302
data/raw/images/КБ-2014-Р3-0342_orig.jpg,КБ-2014-Р3-0342
data/raw/images/КБ-2014-Р3-0397_orig.jpg,КБ-2014-Р3-0397
data/raw/images/КБ-2014-Р3-0399_orig.jpg,КБ-2014-Р3-0399
data/raw/images/КБ-2014-Р3-0419_orig.jpg,КБ-2014-Р3-0419
data/raw/images/КБ-2014-Р3-0436_orig.jpg,КБ-2014-Р3-0436
data/raw/images/КБ-2014-Р3-0535_orig.jpg,КБ-2014-Р3-0535
data/raw/images/КБ-2014-Р4-248_orig.jpg,КБ-2014-Р4-248
data/raw/images/КБ-2014-Р4-250_orig.jpg,КБ-2014-Р4-250
data/raw/images/КБ-2014-Р4-307_orig.jpg,КБ-2014-Р4-307
data/raw/images/КБ-2014-Р4-424_orig.jpg,КБ-2014-Р4-424
data/raw/images/КБ-2014-Р4-462_orig.jpg,КБ-2014-Р4-462
data/raw/images/КБ-2014-Р4-494_orig.jpg,КБ-2014-Р4-494
data/raw/images/КБ-2014-Р4-495_orig.jpg,КБ-2014-Р4-495
data/raw/images/КБ-2014-Р4-517_orig.jpg,КБ-2014-Р4-517
data/raw/images/КБ-2014-Р4-571_orig.jpg,КБ-2014-Р4-571
data/raw/images/КБ-2014-Р5-0032_orig.jpg,КБ-2014-Р5-0032
data/raw/images/КБ-2014-Р5-0035_orig.jpg,КБ-2014-Р5-0035
data/raw/images/КБ-2014-Р5-0066_orig.jpg,КБ-2014-Р5-0066
data/raw/images/КБ-2014-Р5-0068_orig.jpg,КБ-2014-Р5-0068
data/raw/images/КБ-2014-Р5-0071_orig.jpg,КБ-2014-Р5-0071
data/raw/images/КБ-2014-Р5-0072_orig.jpg,КБ-2014-Р5-0072
data/raw/images/КБ-2014-Р5-0074_orig.jpg,КБ-2014-Р5-0074
data/raw/images/КБ-2014-Р5-0081_orig.jpg,КБ-2014-Р5-0081
data/raw/images/КБ-2014-Р5-0093_orig.jpg,КБ-2014-Р5-0093
data/raw/images/КБ-2014-Р5-0097_orig.jpg,КБ-2014-Р5-0097
data/raw/images/КБ-2014-Р5-0105_orig.jpg,КБ-2014-Р5-0105
data/raw/images/КБ-2014-Р5-0107_orig.jpg,КБ-2014-Р5-0107
data/raw/images/КБ-2014-Р5-0108_orig.jpg,КБ-2014-Р5-0108
data/raw/images/КБ-2014-Р5-0111_orig.jpg,КБ-2014-Р5-0111
data/raw/images/КБ-2014-Р5-0118_orig.jpg,КБ-2014-Р5-0118
data/raw/images/КБ-2014-Р5-0120_orig.jpg,КБ-2014-Р5-0120
data/raw/images/КБ-2014-Р5-0134_orig.jpg,КБ-2014-Р5-0134
data/raw/images/КБ-2014-Р5-0229_orig.jpg,КБ-2014-Р5-0229
data/raw/images/КБ-2014-Р5-0297_orig.jpg,КБ-2014-Р5-0297
data/raw/images/КБ-2014-Р5-0415_orig.jpg,КБ-2014-Р5-0415
data/raw/images/КБ-2014-Р5-0421_orig.jpg,КБ-2014-Р5-0421
data/raw/images/КБ-2014-Р5-0430_orig.jpg,КБ-2014-Р5-0430
data/raw/images/КБ-2014-Р5-0477_orig.jpg,КБ-2014-Р5-0477
data/raw/images/КБ-2014-Р5-0486_orig.jpg,КБ-2014-Р5-0486
data/raw/images/КБ-2014-Р5-0491_orig.jpg,КБ-2014-Р5-0491
data/raw/images/КБ-2014-Р6-036_orig.jpg,КБ-2014-Р6-036
data/raw/images/КБ-2014-Р6-048_orig.jpg,КБ-2014-Р6-048
data/raw/images/КБ-2014-Р6-088_orig.jpg,КБ-2014-Р6-088
data/raw/images/КБ-2014-Р6-095_orig.jpg,КБ-2014-Р6-095
data/raw/images/КБ-2014-Р6-097_orig.jpg,КБ-2014-Р6-097
data/raw/images/КБ-2014-Р6-122_orig.jpg,КБ-2014-Р6-122
data/raw/images/КБ-2014-Р6-137_orig.jpg,КБ-2014-Р6-137
data/raw/images/КБ-2014-Р6-183_orig.jpg,КБ-2014-Р6-183
data/raw/images/КБ-2014-Р6-193_orig.jpg,КБ-2014-Р6-193
data/raw/images/КБ-2014-Р6-199_orig.jpg,КБ-2014-Р6-199
data/raw/images/КБ-2014-Р6-202_orig.jpg,КБ-2014-Р6-202
data/raw/images/ЛАО-2012-М102-Ш1-004_orig.jpg,ЛАО-2012-М102-Ш1-004
data/raw/images/ЛАО-2012-М102-Ш1-021_orig.jpg,ЛАО-2012-М102-Ш1-021
data/raw/images/ЛАО-2012-М102-Ш3-118_orig.jpg,ЛАО-2012-М102-Ш3-118
data/raw/images/ЛАО-2012-М102-Ш3-131_orig.jpg,ЛАО-2012-М102-Ш3-131
data/raw/images/ЛАО-2012-М102-Ш3-132_orig.jpg,ЛАО-2012-М102-Ш3-132
data/raw/images/ЛАО-2012-М102-Ш4-175_orig.jpg,ЛАО-2012-М102-Ш4-175
data/raw/images/ЛАО-2012-М102-Ш5-189_orig.jpg,ЛАО-2012-М102-Ш5-189
data/raw/images/ЛАО-2012-М102-Ш5-203_orig.jpg,ЛАО-2012-М102-Ш5-203
data/raw/images/Маяк-11-Ш1-07_orig.jpg,Маяк-11-Ш1-07
data/raw/images/Маяк-11-Ш3-72_orig.jpg,Маяк-11-Ш3-72
data/raw/images/Нц-102-1519_orig.jpg,Нц-102-1519
data/raw/images/Нц-23-1058_orig.jpg,Нц-23-1058
data/raw/images/Нц-23-1215_orig.jpg,Нц-23-1215
data/raw/images/Нц-23-1785_orig.jpg,Нц-23-1785
data/raw/images/Нц-23-2064_orig.jpg,Нц-23-2064
data/raw/images/Нц-23-2163_orig.jpg,Нц-23-2163
data/raw/images/Нц-23-2188_orig.jpg,Нц-23-2188
data/raw/images/Нц-23-2271_orig.jpg,Нц-23-2271
data/raw/images/Нц-25-0093_orig.jpg,Нц-25-0093
data/raw/images/Нц-25-0417_orig.jpg,Нц-25-0417
data/raw/images/Нц-26-027_orig.jpg,Нц-26-027
data/raw/images/Нц-27-261_orig.jpg,Нц-27-261
data/raw/images/Нц-27-537_orig.jpg,Нц-27-537
data/raw/images/Нц-27-591_orig.jpg,Нц-27-591
data/raw/images/Нц-30-131_orig.jpg,Нц-30-131
data/raw/images/Нц-30-662_orig.jpg,Нц-30-662
data/raw/images/Нц-30-733_orig.jpg,Нц-30-733
data/raw/images/Нц-30-982_orig.jpg,Нц-30-982
data/raw/images/Нц-31-0148_orig.jpg,Нц-31-0148
data/raw/images/Нц-31-0204_orig.jpg,Нц-31-0204
data/raw/images/Нц-31-0391_orig.jpg,Нц-31-0391
data/raw/images/Нц-31-0593_orig.jpg,Нц-31-0593
data/raw/images/Нц-32-0062_orig.jpg,Нц-32-0062
data/raw/images/Нц-32-0063_orig.jpg,Нц-32-0063
data/raw/images/Нц-32-0130_orig.jpg,Нц-32-0130
data/raw/images/Нц-32-0339_orig.jpg,Нц-32-0339
data/raw/images/Нц-32-0837_orig.jpg,Нц-32-0837
data/raw/images/Нц-32-0918_orig.jpg,Нц-32-0918
data/raw/images/Нц-32-0937_orig.jpg,Нц-32-0937
data/raw/images/Нц-32-1037_orig.jpg,Нц-32-1037
data/raw/images/Нц-33-0068_orig.jpg,Нц-33-0068
data/raw/images/Нц-33-0072_orig.jpg,Нц-33-0072
data/raw/images/Нц-33-0075_orig.jpg,Нц-33-0075
data/raw/images/Нц-33-0113_orig.jpg,Нц-33-0113
data/raw/images/Нц-33-0179_orig.jpg,Нц-33-0179
data/raw/images/Нц-33-0621_orig.jpg,Нц-33-0621
data/raw/images/Нц-33-1686_orig.jpg,Нц-33-1686
data/raw/images/Нц-33-2946_orig.jpg,Нц-33-2946
data/raw/images/Нц-33-2470_orig.jpg,Нц-33-2470
data/raw/images/Нц-33-2608_orig.jpg,Нц-33-2608
data/raw/images/Нц-33-2748_orig.jpg,Нц-33-2748
data/raw/images/Нц-33-2751_orig.jpg,Нц-33-2751
data/raw/images/Нц-33-2813_orig.jpg,Нц-33-2813
data/raw/images/Нц-33-2934_orig.jpg,Нц-33-2934
data/raw/images/Нц-33-2959_orig.jpg,Нц-33-2959
data/raw/images/Нц-33-2987_orig.jpg,Нц-33-2987
data/raw/images/Нц-33-4872_orig.jpg,Нц-33-4872
data/raw/images/Нц-33-5186_orig.jpg,Нц-33-5186
data/raw/images/Нц-33-5293_orig.jpg,Нц-33-5293
data/raw/images/Нц-33-5509_orig.jpg,Нц-33-5509
data/raw/images/Нц-33-5519_orig.jpg,Нц-33-5519
data/raw/images/Нц-33-5520_orig.jpg,Нц-33-5520
data/raw/images/Нц-33-5599_orig.jpg,Нц-33-5599
data/raw/images/Нц-33-5728_orig.jpg,Нц-33-5728
data/raw/images/Нц-33-5749_orig.jpg,Нц-33-5749
data/raw/images/Нц-33-5758_orig.jpg,Нц-33-5758
data/raw/images/Нц-33-5782_orig.jpg,Нц-33-5782
data/raw/images/Нц-33-5829_orig.jpg,Нц-33-5829
data/raw/images/Нц-33-5842_orig.jpg,Нц-33-5842
data/raw/images/Нц-34-081_orig.jpg,Нц-34-081
data/raw/images/Нц-34-099_orig.jpg,Нц-34-099
data/raw/images/Нц-35-033_orig.jpg,Нц-35-033
data/raw/images/Нц-35-190_orig.jpg,Нц-35-190
data/raw/images/Нц-35-225_orig.jpg,Нц-35-225
data/raw/images/Нц-36-274_orig.jpg,Нц-36-274
data/raw/images/Нц-36-397_orig.jpg,Нц-36-397
data/raw/images/Нц-36-503_orig.jpg,Нц-36-503
data/raw/images/Нц-36-704_orig.jpg,Нц-36-704
data/raw/images/Нц-37-0054_orig.jpg,Нц-37-0054
data/raw/images/Нц-37-0071_orig.jpg,Нц-37-0071
data/raw/images/Нц-37-0125_orig.jpg,Нц-37-0125
data/raw/images/Нц-37-0195_orig.jpg,Нц-37-0195
data/raw/images/Нц-37-0203_orig.jpg,Нц-37-0203
data/raw/images/Нц-37-0344_orig.jpg,Нц-37-0344
data/raw/images/Нц-37-0586_orig.jpg,Нц-37-0586
data/raw/images/Нц-37-0587_orig.jpg,Нц-37-0587
data/raw/images/Нц-37-0589_orig.jpg,Нц-37-0589
data/raw/images/Нц-37-0590_orig.jpg,Нц-37-0590
data/raw/images/Нц-37-0653_orig.jpg,Нц-37-0653
data/raw/images/Нц-37-0654_orig.jpg,Нц-37-0654
data/raw/images/Нц-37-0656_orig.jpg,Нц-37-0656
data/raw/images/Нц-37-1527_orig.jpg,Нц-37-1527
data/raw/images/Нц-40-067_orig.jpg,Нц-40-067
data/raw/images/Нц-40-358_orig.jpg,Нц-40-358
data/raw/images/Нц-41-0178_orig.jpg,Нц-41-0178
data/raw/images/Нц-41-0620_orig.jpg,Нц-41-0620
data/raw/images/Нц-41-0782_orig.jpg,Нц-41-0782
data/raw/images/Нц-43-06_orig.jpg,Нц-43-06
data/raw/images/Нц-44-0086_orig.jpg,Нц-44-0086
data/raw/images/Нц-44-0353_orig.jpg,Нц-44-0353
data/raw/images/Нц-44-0458_orig.jpg,Нц-44-0458
data/raw/images/Нц-44-0870_orig.jpg,Нц-44-0870
data/raw/images/Нц-44-1159_orig.jpg,Нц-44-1159
data/raw/images/Нц-44-1771_orig.jpg,Нц-44-1771
data/raw/images/Нц-45-0009_orig.jpg,Нц-45-0009
data/raw/images/Нц-45-0018_orig.jpg,Нц-45-0018
data/raw/images/Нц-45-0019_orig.jpg,Нц-45-0019
data/raw/images/Нц-45-0020_orig.jpg,Нц-45-0020
data/raw/images/Нц-45-0036_orig.jpg,Нц-45-0036
data/raw/images/Нц-45-0230_orig.jpg,Нц-45-0230
data/raw/images/Нц-45-0198_orig.jpg,Нц-45-0198
data/raw/images/Нц-45-0273_orig.jpg,Нц-45-0273
data/raw/images/Нц-45-0278_orig.jpg,Нц-45-0278
data/raw/images/Нц-45-0287_orig.jpg,Нц-45-0287
data/raw/images/Нц-45-0370_orig.jpg,Нц-45-0370
data/raw/images/Нц-45-0371_orig.jpg,Нц-45-0371
data/raw/images/Нц-45-0391_orig.jpg,Нц-45-0391
data/raw/images/Нц-45-0392_orig.jpg,Нц-45-0392
data/raw/images/Нц-45-0409_orig.jpg,Нц-45-0409
data/raw/images/Нц-45-0437_orig.jpg,Нц-45-0437
data/raw/images/Нц-45-0438_orig.jpg,Нц-45-0438
data/raw/images/Нц-45-0472_orig.jpg,Нц-45-0472
data/raw/images/Нц-45-0514_orig.jpg,Нц-45-0514
data/raw/images/Нц-45-0516_orig.jpg,Нц-45-0516
data/raw/images/Нц-45-0532_orig.jpg,Нц-45-0532
data/raw/images/Нц-45-0540_orig.jpg,Нц-45-0540
data/raw/images/Нц-45-0550_orig.jpg,Нц-45-0550
data/raw/images/Нц-45-0558_orig.jpg,Нц-45-0558
data/raw/images/Нц-45-0567_orig.jpg,Нц-45-0567
data/raw/images/Нц-45-0599_orig.jpg,Нц-45-0599
data/raw/images/Нц-45-0600_orig.jpg,Нц-45-0600
data/raw/images/Нц-45-0612_orig.jpg,Нц-45-0612
data/raw/images/Нц-45-0850_orig.jpg,Нц-45-0850
data/raw/images/Нц-45-0863_orig.jpg,Нц-45-0863
data/raw/images/Нц-45-0907_orig.jpg,Нц-45-0907
data/raw/images/Нц-45-1079_orig.jpg,Нц-45-1079
data/raw/images/Нц-45-1085_orig.jpg,Нц-45-1085
data/raw/images/Нц-45-1239_orig.jpg,Нц-45-1239
data/raw/images/Нц-45-1243_orig.jpg,Нц-45-1243
data/raw/images/Нц-45-1257_orig.jpg,Нц-45-1257
data/raw/images/Нц-45-1259_orig.jpg,Нц-45-1259
data/raw/images/Нц-45-1267_orig.jpg,Нц-45-1267
data/raw/images/Нц-45-1434_orig.jpg,Нц-45-1434
data/raw/images/Нц-45-1441_orig.jpg,Нц-45-1441
data/raw/images/Нц-45-1445_orig.jpg,Нц-45-1445
data/raw/images/Нц-45-1466_orig.jpg,Нц-45-1466
data/raw/images/Нц-45-1467_orig.jpg,Нц-45-1467
data/raw/images/Нц-45-1529_orig.jpg,Нц-45-1529
data/raw/images/Нц-45-1531_orig.jpg,Нц-45-1531
data/raw/images/Нц-45-1537_orig.jpg,Нц-45-1537
data/raw/images/Нц-45-1562_orig.jpg,Нц-45-1562
data/raw/images/Нц-45-1579_orig.jpg,Нц-45-1579
data/raw/images/Нц-46-067_orig.jpg,Нц-46-067
data/raw/images/Нц-46-162_orig.jpg,Нц-46-162
data/raw/images/Нц-46-211_orig.jpg,Нц-46-211
data/raw/images/Нц-46-221_orig.jpg,Нц-46-221
data/raw/images/Нц-46-228_orig.jpg,Нц-46-228
data/raw/images/Нц-46-230_orig.jpg,Нц-46-230
data/raw/images/Нц-46-320_orig.jpg,Нц-46-320
data/raw/images/Нц-46-369_orig.jpg,Нц-46-369
data/raw/images/Нц-46-370_orig.jpg,Нц-46-370
data/raw/images/Нц-46-375_orig.jpg,Нц-46-375
data/raw/images/Нц-46-385_orig.jpg,Нц-46-385
data/raw/images/Нц-46-499_orig.jpg,Нц-46-499
data/raw/images/Нц-46-560_orig.jpg,Нц-46-560
data/raw/images/Нц-46-727_orig.jpg,Нц-46-727
data/raw/images/Нц-46-736_orig.jpg,Нц-46-736
data/raw/images/Нц-48-041_orig.jpg,Нц-48-041
data/raw/images/Нц-48-054_orig.jpg,Нц-48-054
data/raw/images/Нц-48-073_orig.jpg,Нц-48-073
data/raw/images/Нц-48-074_orig.jpg,Нц-48-074
data/raw/images/Нц-48-304_orig.jpg,Нц-48-304
data/raw/images/Нц-48-326_orig.jpg,Нц-48-326
data/raw/images/Нц-48-334_orig.jpg,Нц-48-334
data/raw/images/Нц-48-341_orig.jpg,Нц-48-341
data/raw/images/Нц-48-360_orig.jpg,Нц-48-360
data/raw/images/Нц-48-375_orig.jpg,Нц-48-375
data/raw/images/Нц-49-010_orig.jpg,Нц-49-010
data/raw/images/Нц-49-074_orig.jpg,Нц-49-074
data/raw/images/Нц-49-111_orig.jpg,Нц-49-111
data/raw/images/Нц-49-166_orig.jpg,Нц-49-166
data/raw/images/Нц-52-016_orig.jpg,Нц-52-016
data/raw/images/Нц-52-161_orig.jpg,Нц-52-161
data/raw/images/Нц-52-164_orig.jpg,Нц-52-164
data/raw/images/Нц-52-170_orig.jpg,Нц-52-170
data/raw/images/Нц-52-171_orig.jpg,Нц-52-171
data/raw/images/Нц-52-181_orig.jpg,Нц-52-181
data/raw/images/Нц-52-220_orig.jpg,Нц-52-220
data/raw/images/Нц-52-505_orig.jpg,Нц-52-505
data/raw/images/Нц-52-506_orig.jpg,Нц-52-506
data/raw/images/Нц-53-021_orig.jpg,Нц-53-021
data/raw/images/Нц-53-066_orig.jpg,Нц-53-066
data/raw/images/Нц-53-349_orig.jpg,Нц-53-349
data/raw/images/Нейш3А-2018-0102_orig.jpg,Нейш3А-2018-0102
data/raw/images/Нейш3А-2018-0105_orig.jpg,Нейш3А-2018-0105
data/raw/images/Нейш3А-2018-0111_orig.jpg,Нейш3А-2018-0111
data/raw/images/Нейш3А-2018-0206_orig.jpg,Нейш3А-2018-0206
data/raw/images/Нейш3А-2018-0210_orig.jpg,Нейш3А-2018-0210
data/raw/images/Нейш3А-2018-0255_orig.jpg,Нейш3А-2018-0255
data/raw/images/Нейш3А-2018-0259_orig.jpg,Нейш3А-2018-0259
data/raw/images/Нейш3А-2018-0276_orig.jpg,Нейш3А-2018-0276
data/raw/images/Нейш3А-2018-0350_orig.jpg,Нейш3А-2018-0350
data/raw/images/Нейш3А-2018-0374_orig.jpg,Нейш3А-2018-0374
data/raw/images/Нейш3А-2018-0397_orig.jpg,Нейш3А-2018-0397
data/raw/images/Нейш3А-2018-0572_orig.jpg,Нейш3А-2018-0572
data/raw/images/Нейш3А-2018-0625_orig.jpg,Нейш3А-2018-0625
data/raw/images/Нейш3А-2018-0629_orig.jpg,Нейш3А-2018-0629
data/raw/images/Нейш3А-2018-0726_orig.jpg,Нейш3А-2018-0726
data/raw/images/Нейш3А-2018-0737_orig.jpg,Нейш3А-2018-0737
data/raw/images/Нейш3А-2018-0740_orig.jpg,Нейш3А-2018-0740
data/raw/images/Нейш3А-2018-0742_orig.jpg,Нейш3А-2018-0742
data/raw/images/Нейш3А-2018-0855_orig.jpg,Нейш3А-2018-0855
data/raw/images/Нейш3А-2018-0806_orig.jpg,Нейш3А-2018-0806
data/raw/images/Нейш3А-2018-0810_orig.jpg,Нейш3А-2018-0810
data/raw/images/Нейш3А-2018-0821_orig.jpg,Нейш3А-2018-0821
data/raw/images/Нейш3А-2018-0831_orig.jpg,Нейш3А-2018-0831
data/raw/images/Нейш3А-2018-0837_orig.jpg,Нейш3А-2018-0837
data/raw/images/Нейш3А-2018-0839_orig.jpg,Нейш3А-2018-0839
data/raw/images/Нейш3А-2018-0850_orig.jpg,Нейш3А-2018-0850
data/raw/images/Нейш3А-2018-0851_orig.jpg,Нейш3А-2018-0851
data/raw/images/Нейш3А-2018-0856_orig.jpg,Нейш3А-2018-0856
data/raw/images/Нейш3А-2018-0868_orig.jpg,Нейш3А-2018-0868
data/raw/images/Нейш3А-2018-0949_orig.jpg,Нейш3А-2018-0949
data/raw/images/Нейш3А-2018-0954_orig.jpg,Нейш3А-2018-0954
data/raw/images/Нейш3А-2018-1042_orig.jpg,Нейш3А-2018-1042
data/raw/images/Нейш3А-2018-1101_orig.jpg,Нейш3А-2018-1101
data/raw/images/Нейш3А-2018-1137_orig.jpg,Нейш3А-2018-1137
data/raw/images/Нейш3А-2018-1138_orig.jpg,Нейш3А-2018-1138
data/raw/images/Нейш3А-2018-1186_orig.jpg,Нейш3А-2018-1186
data/raw/images/Нейш3А-2018-1284_orig.jpg,Нейш3А-2018-1284
data/raw/images/Нейш3А-2018-1372_orig.jpg,Нейш3А-2018-1372
data/raw/images/Нейш3А-2018-1379_orig.jpg,Нейш3А-2018-1379
data/raw/images/Нейш3А-2018-1390_orig.jpg,Нейш3А-2018-1390
data/raw/images/Нейш3А-2018-1509_orig.jpg,Нейш3А-2018-1509
data/raw/images/Нейш3А-2018-1527_orig.jpg,Нейш3А-2018-1527
data/raw/images/Нейш3А-2018-1533_orig.jpg,Нейш3А-2018-1533
data/raw/images/Нейш3А-2018-1642_orig.jpg,Нейш3А-2018-1642
data/raw/images/Нейш3А-2018-1685_orig.jpg,Нейш3А-2018-1685
data/raw/images/Нейш3А-2018-1764_orig.jpg,Нейш3А-2018-1764
data/raw/images/Нейш3А-2018-1980_orig.jpg,Нейш3А-2018-1980
data/raw/images/Нейш3А-2018-2040_orig.jpg,Нейш3А-2018-2040
data/raw/images/Нейш3А-2018-2068_orig.jpg,Нейш3А-2018-2068
data/raw/images/Нейш3А-2018-2142_orig.jpg,Нейш3А-2018-2142
data/raw/images/Нейш3А-2018-2145_orig.jpg,Нейш3А-2018-2145
data/raw/images/Нейш3А-2018-2170_orig.jpg,Нейш3А-2018-2170
data/raw/images/Нейш3А-2018-2216_orig.jpg,Нейш3А-2018-2216
data/raw/images/Нейш3А-2018-2330_orig.jpg,Нейш3А-2018-2330
data/raw/images/Нейш3А-2018-2331_orig.jpg,Нейш3А-2018-2331
data/raw/images/Нейш3А-2018-2435_orig.jpg,Нейш3А-2018-2435
data/raw/images/Нейш3А-2018-2476_orig.jpg,Нейш3А-2018-2476
data/raw/images/Нейш3А-2018-2548_orig.jpg,Нейш3А-2018-2548
data/raw/images/Нейш3А-2018-2549_orig.jpg,Нейш3А-2018-2549
data/raw/images/Нейш3А-2018-2551_orig.jpg,Нейш3А-2018-2551
data/raw/images/Нейш3А-2018-2554_orig.jpg,Нейш3А-2018-2554
data/raw/images/Нейш3А-2018-2555_orig.jpg,Нейш3А-2018-2555
data/raw/images/Нейш3А-2018-2556_orig.jpg,Нейш3А-2018-2556
data/raw/images/Нейш3А-2018-2759_orig.jpg,Нейш3А-2018-2759
data/raw/images/Нейш3А-2018-2807_orig.jpg,Нейш3А-2018-2807
data/raw/images/Нейш3А-2018-2841_orig.jpg,Нейш3А-2018-2841
data/raw/images/Нейш3А-2018-2926_orig.jpg,Нейш3А-2018-2926
data/raw/images/Нейш3А-2018-2953_orig.jpg,Нейш3А-2018-2953
data/raw/images/Нейш3А-2018-3010_orig.jpg,Нейш3А-2018-3010
data/raw/images/Нейш3А-2018-3039_orig.jpg,Нейш3А-2018-3039
data/raw/images/Нейш3А-2018-3060_orig.jpg,Нейш3А-2018-3060
data/raw/images/Нейш3А-2018-3712_orig.jpg,Нейш3А-2018-3712
data/raw/images/Нейш3А-2018-3748_orig.jpg,Нейш3А-2018-3748
data/raw/images/Нейш3А-2018-3996_orig.jpg,Нейш3А-2018-3996
data/raw/images/Нейш3А-2018-4068_orig.jpg,Нейш3А-2018-4068
data/raw/images/Нейш3А-2018-4085_orig.jpg,Нейш3А-2018-4085
data/raw/images/Нейш3А-2018-4094_orig.jpg,Нейш3А-2018-4094
data/raw/images/Нейш3А-2018-4342_orig.jpg,Нейш3А-2018-4342
data/raw/images/Нейш3А-2018-4582_orig.jpg,Нейш3А-2018-4582
data/raw/images/Нейш3А-2018-4603_orig.jpg,Нейш3А-2018-4603
data/raw/images/Нейш3А-2018-4604_orig.jpg,Нейш3А-2018-4604
data/raw/images/Нейш3А-2018-4678_orig.jpg,Нейш3А-2018-4678
data/raw/images/Нейш3А-2018-4680_orig.jpg,Нейш3А-2018-4680
data/raw/images/Нейш3А-2018-4749_orig.jpg,Нейш3А-2018-4749
data/raw/images/Нейш3А-2018-4912_orig.jpg,Нейш3А-2018-4912
data/raw/images/Нейш3А-2018-4942_orig.jpg,Нейш3А-2018-4942
data/raw/images/Нейш3А-2018-4950_orig.jpg,Нейш3А-2018-4950
data/raw/images/Нейш3А-2018-4976_orig.jpg,Нейш3А-2018-4976
data/raw/images/Нейш3А-2018-5002_orig.jpg,Нейш3А-2018-5002
data/raw/images/Нейш3А-2018-5003_orig.jpg,Нейш3А-2018-5003
data/raw/images/Нейш3А-2018-5132_orig.jpg,Нейш3А-2018-5132
data/raw/images/Нейш3А-2018-5182_orig.jpg,Нейш3А-2018-5182
data/raw/images/Нейш3А-2018-5232_orig.jpg,Нейш3А-2018-5232
data/raw/images/Нейш3А-2018-5233_orig.jpg,Нейш3А-2018-5233
data/raw/images/Нейш3А-2018-5303_orig.jpg,Нейш3А-2018-5303
data/raw/images/Нейш3А-2018-5597_orig.jpg,Нейш3А-2018-5597
data/raw/images/Нейш3А-2018-5618_orig.jpg,Нейш3А-2018-5618
data/raw/images/Нейш3А-2018-5619_orig.jpg,Нейш3А-2018-5619
data/raw/images/Нейш3А-2018-5661_orig.jpg,Нейш3А-2018-5661
data/raw/images/Нейш3А-2018-5708_orig.jpg,Нейш3А-2018-5708
data/raw/images/Нейш3А-2018-5721_orig.jpg,Нейш3А-2018-5721
data/raw/images/Нейш3А-2018-5763_orig.jpg,Нейш3А-2018-5763
data/raw/images/Нейш3А-2018-5886_orig.jpg,Нейш3А-2018-5886
data/raw/images/Нейш3А-2018-5893_orig.jpg,Нейш3А-2018-5893
data/raw/images/Нейш3А-2018-5912_orig.jpg,Нейш3А-2018-5912
data/raw/images/Нейш3А-2018-5970_orig.jpg,Нейш3А-2018-5970
data/raw/images/Нейш3А-2018-5986_orig.jpg,Нейш3А-2018-5986
data/raw/images/Нейш3А-2018-6055_orig.jpg,Нейш3А-2018-6055
data/raw/images/Нейш3А-2018-6297_orig.jpg,Нейш3А-2018-6297
data/raw/images/Нейш3А-2018-7127_orig.jpg,Нейш3А-2018-7127
data/raw/images/Нейш3А-2018-7177_orig.jpg,Нейш3А-2018-7177
data/raw/images/Нейш3А-2018-7185_orig.jpg,Нейш3А-2018-7185
data/raw/images/Нейш3А-2018-7207_orig.jpg,Нейш3А-2018-7207
data/raw/images/Нейш3А-2018-7215_orig.jpg,Нейш3А-2018-7215
data/raw/images/Нейш3А-2018-7216_orig.jpg,Нейш3А-2018-7216
data/raw/images/Нейш3А-2019-113_orig.jpg,Нейш3А-2019-113
data/raw/images/Нейш3А-2019-097_orig.jpg,Нейш3А-2019-097
data/raw/images/Т-12-Р2-1418_orig.jpg,Т-12-Р2-1418
data/raw/images/Т-12-Р2-1716_orig.jpg,Т-12-Р2-1716
data/raw/images/Т-12-Р2-1783_orig.jpg,Т-12-Р2-1783
data/raw/images/Т-12-Р2-1972_orig.jpg,Т-12-Р2-1972
data/raw/images/Т-12-Р2-1974_orig.jpg,Т-12-Р2-1974
data/raw/images/Т-12-Р2-2347_orig.jpg,Т-12-Р2-2347
data/raw/images/Т-12-Р2-2714_orig.jpg,Т-12-Р2-2714
data/raw/images/Т-12-Р2-2780_orig.jpg,Т-12-Р2-2780
data/raw/images/Т-12-Р2-2897_orig.jpg,Т-12-Р2-2897
data/raw/images/Т-12-Р2-2924_orig.jpg,Т-12-Р2-2924
data/raw/images/Т-12-Р2-3013_orig.jpg,Т-12-Р2-3013
data/raw/images/Т-12-Р2-3015_orig.jpg,Т-12-Р2-3015
data/raw/images/Т-12-Р2-3017_orig.jpg,Т-12-Р2-3017
data/raw/images/Т-12-Р2-3023_orig.jpg,Т-12-Р2-3023
data/raw/images/Т-12-Р3-1031_orig.jpg,Т-12-Р3-1031
data/raw/images/Т-12-Р3-1065_orig.jpg,Т-12-Р3-1065
data/raw/images/Т-12-Р3-1093_orig.jpg,Т-12-Р3-1093
data/raw/images/Т-12-Р3-1541_orig.jpg,Т-12-Р3-1541
data/raw/images/Т-12-Р3-1567_orig.jpg,Т-12-Р3-1567
data/raw/images/Т-12-Р3-1568_orig.jpg,Т-12-Р3-1568
data/raw/images/Т-12-Р3-1569_orig.jpg,Т-12-Р3-1569
data/raw/images/Т-12-Р3-1574_orig.jpg,Т-12-Р3-1574
data/raw/images/Т-12-Р3-1575_orig.jpg,Т-12-Р3-1575
data/raw/images/Т-12-Р3-1690_orig.jpg,Т-12-Р3-1690
data/raw/images/Т-12-Р3-1985_orig.jpg,Т-12-Р3-1985
data/raw/images/Т-12-Р3-2035_orig.jpg,Т-12-Р3-2035
data/raw/images/Т-12-Р3-2036_orig.jpg,Т-12-Р3-2036
data/raw/images/Т-12-Р3-2245_orig.jpg,Т-12-Р3-2245
data/raw/images/Т-12-Р3-2256_orig.jpg,Т-12-Р3-2256
data/raw/images/Т-12-Р3-2365_orig.jpg,Т-12-Р3-2365
data/raw/images/Т-12-Р3-2642_orig.jpg,Т-12-Р3-2642
data/raw/images/Т-12-Р3-2647_orig.jpg,Т-12-Р3-2647
data/raw/images/Т-12-Р3-2658_orig.jpg,Т-12-Р3-2658
data/raw/images/Т-12-Р3-2659_orig.jpg,Т-12-Р3-2659
data/raw/images/Т-12-Р3-2660_orig.jpg,Т-12-Р3-2660
data/raw/images/Т-12-Р4-1075_orig.jpg,Т-12-Р4-1075
data/raw/images/Т-12-Р4-1086_orig.jpg,Т-12-Р4-1086
data/raw/images/Т-12-Р4-1102_orig.jpg,Т-12-Р4-1102
data/raw/images/Т-12-Р4-1107_orig.jpg,Т-12-Р4-1107
data/raw/images/Т-12-Р4-1118_orig.jpg,Т-12-Р4-1118
data/raw/images/Т-12-Р4-1150_orig.jpg,Т-12-Р4-1150
data/raw/images/Т-12-Р4-1161_orig.jpg,Т-12-Р4-1161
data/raw/images/Т-12-Р4-1205_orig.jpg,Т-12-Р4-1205
data/raw/images/Т-12-Р4-1211_orig.jpg,Т-12-Р4-1211
data/raw/images/Т-12-Р4-1218_orig.jpg,Т-12-Р4-1218
data/raw/images/Т-12-Р4-1224_orig.jpg,Т-12-Р4-1224
data/raw/images/Т-12-Р4-1246_orig.jpg,Т-12-Р4-1246
data/raw/images/ВО-1л58-2017-0011_orig.jpg,ВО-1л58-2017-0011
data/raw/images/ВО-1л58-2017-0012_orig.jpg,ВО-1л58-2017-0012
data/raw/images/ВО-1л58-2017-0014_orig.jpg,ВО-1л58-2017-0014
data/raw/images/ВО-1л58-2017-0016_orig.jpg,ВО-1л58-2017-0016
data/raw/images/ВО-1л58-2017-0017_orig.jpg,ВО-1л58-2017-0017
data/raw/images/ВО-1л58-2017-0018_orig.jpg,ВО-1л58-2017-0018
data/raw/images/ВО-1л58-2017-0020_orig.jpg,ВО-1л58-2017-0020
data/raw/images/ВО-1л58-2017-0038_orig.jpg,ВО-1л58-2017-0038
data/raw/images/ВО-1л58-2017-0047_orig.jpg,ВО-1л58-2017-0047
data/raw/images/ВО-1л58-2017-0053_orig.jpg,ВО-1л58-2017-0053
data/raw/images/ВО-1л58-2017-0055_orig.jpg,ВО-1л58-2017-0055
data/raw/images/ВО-1л58-2017-0056_orig.jpg,ВО-1л58-2017-0056
data/raw/images/ВО-1л58-2017-0058_orig.jpg,ВО-1л58-2017-0058
data/raw/images/ВО-1л58-2017-0059_orig.jpg,ВО-1л58-2017-0059
data/raw/images/ВО-1л58-2017-0075_orig.jpg,ВО-1л58-2017-0075
data/raw/images/ВО-1л58-2017-0089_orig.jpg,ВО-1л58-2017-0089
data/raw/images/ВО-1л58-2017-0091_orig.jpg,ВО-1л58-2017-0091
data/raw/images/ВО-1л58-2017-0103_orig.jpg,ВО-1л58-2017-0103
data/raw/images/ВО-1л58-2017-0124_orig.jpg,ВО-1л58-2017-0124
data/raw/images/ВО-1л58-2017-0141_orig.jpg,ВО-1л58-2017-0141
data/raw/images/ВО-1л58-2017-0161_orig.jpg,ВО-1л58-2017-0161
data/raw/images/ВО-1л58-2017-0242_orig.jpg,ВО-1л58-2017-0242
data/raw/images/ВО-1л58-2017-0275_orig.jpg,ВО-1л58-2017-0275
data/raw/images/ВО-1л58-2017-0284_orig.jpg,ВО-1л58-2017-0284
data/raw/images/ВО-1л58-2017-0286_orig.jpg,ВО-1л58-2017-0286
data/raw/images/ВО-1л58-2017-0294_orig.jpg,ВО-1л58-2017-0294
data/raw/images/ВО-1л58-2017-0397_orig.jpg,ВО-1л58-2017-0397
data/raw/images/ВО-1л58-2017-0425_orig.jpg,ВО-1л58-2017-0425
data/raw/images/ВО-1л58-2017-0426_orig.jpg,ВО-1л58-2017-0426
data/raw/images/ВО-1л58-2017-0480_orig.jpg,ВО-1л58-2017-0480
data/raw/images/ВО-1л58-2017-0487_orig.jpg,ВО-1л58-2017-0487
data/raw/images/ВО-1л58-2017-0488_orig.jpg,ВО-1л58-2017-0488
data/raw/images/ВО-1л58-2017-0503_orig.jpg,ВО-1л58-2017-0503
data/raw/images/ВО-1л58-2017-0509_orig.jpg,ВО-1л58-2017-0509
data/raw/images/ВО-1л58-2017-0522_orig.jpg,ВО-1л58-2017-0522
data/raw/images/ВО-1л58-2017-0523_orig.jpg,ВО-1л58-2017-0523
data/raw/images/ВО-1л58-2017-0524_orig.jpg,ВО-1л58-2017-0524
data/raw/images/ВО-1л58-2017-0528_orig.jpg,ВО-1л58-2017-0528
data/raw/images/ВО-1л58-2017-0544_orig.jpg,ВО-1л58-2017-0544
data/raw/images/ВО-1л58-2017-0553_orig.jpg,ВО-1л58-2017-0553
data/raw/images/ВО-1л58-2017-0554_orig.jpg,ВО-1л58-2017-0554
data/raw/images/ВО-1л58-2017-0572_orig.jpg,ВО-1л58-2017-0572
data/raw/images/ВО-1л58-2017-0574_orig.jpg,ВО-1л58-2017-0574
data/raw/images/ВО-1л58-2017-0595_orig.jpg,ВО-1л58-2017-0595
data/raw/images/ВО-1л58-2017-0596_orig.jpg,ВО-1л58-2017-0596
data/raw/images/ВО-1л58-2017-0603_orig.jpg,ВО-1л58-2017-0603
data/raw/images/ВО-1л58-2017-0604_orig.jpg,ВО-1л58-2017-0604
data/raw/images/ВО-1л58-2017-0605_orig.jpg,ВО-1л58-2017-0605
data/raw/images/ВО-1л58-2017-0606_orig.jpg,ВО-1л58-2017-0606
data/raw/images/ВО-1л58-2017-0625_orig.jpg,ВО-1л58-2017-0625
data/raw/images/ВО-1л58-2017-0627_orig.jpg,ВО-1л58-2017-0627
data/raw/images/ВО-1л58-2017-0631_orig.jpg,ВО-1л58-2017-0631
data/raw/images/ВО-1л58-2017-0632_orig.jpg,ВО-1л58-2017-0632
data/raw/images/ВО-1л58-2017-0634_orig.jpg,ВО-1л58-2017-0634
data/raw/images/ВО-1л58-2017-0645_orig.jpg,ВО-1л58-2017-0645
data/raw/images/ВО-1л58-2017-0688_orig.jpg,ВО-1л58-2017-0688
data/raw/images/ВО-1л58-2017-0715_orig.jpg,ВО-1л58-2017-0715
data/raw/images/ВО-1л58-2017-0718_orig.jpg,ВО-1л58-2017-0718
data/raw/images/ВО-1л58-2017-0722_orig.jpg,ВО-1л58-2017-0722
data/raw/images/ВО-1л58-2017-0724_orig.jpg,ВО-1л58-2017-0724
data/raw/images/ВО-1л58-2017-0736_orig.jpg,ВО-1л58-2017-0736
data/raw/images/ВО-1л58-2017-0769_orig.jpg,ВО-1л58-2017-0769
data/raw/images/ВО-1л58-2017-0770_orig.jpg,ВО-1л58-2017-0770
data/raw/images/ВО-1л58-2017-0779_orig.jpg,ВО-1л58-2017-0779
data/raw/images/ВО-1л58-2017-0781_orig.jpg,ВО-1л58-2017-0781
data/raw/images/ВО-1л58-2017-0868_orig.jpg,ВО-1л58-2017-0868
data/raw/images/ВО-1л58-2017-0873_orig.jpg,ВО-1л58-2017-0873
data/raw/images/ВО-1л58-2017-0874_orig.jpg,ВО-1л58-2017-0874
data/raw/images/ВО-1л58-2017-0881_orig.jpg,ВО-1л58-2017-0881
data/raw/images/ВО-1л58-2017-0911_orig.jpg,ВО-1л58-2017-0911
data/raw/images/ВО-1л58-2017-0962_orig.jpg,ВО-1л58-2017-0962
data/raw/images/ВО-1л58-2017-0973_orig.jpg,ВО-1л58-2017-0973
data/raw/images/ВО-1л58-2017-0986_orig.jpg,ВО-1л58-2017-0986
data/raw/images/ВО-1л58-2017-0996_orig.jpg,ВО-1л58-2017-0996
data/raw/images/ВО-1л58-2017-1002_orig.jpg,ВО-1л58-2017-1002
data/raw/images/ВО-1л58-2017-1006_orig.jpg,ВО-1л58-2017-1006
data/raw/images/ВО-1л58-2017-1007_orig.jpg,ВО-1л58-2017-1007
data/raw/images/ВО-1л58-2017-1008_orig.jpg,ВО-1л58-2017-1008
data/raw/images/ВО-1л58-2017-1010_orig.jpg,ВО-1л58-2017-1010
data/raw/images/ВО-1л58-2017-1030_orig.jpg,ВО-1л58-2017-1030
data/raw/images/ВО-1л58-2017-1035_orig.jpg,ВО-1л58-2017-1035
data/raw/images/ВО-1л58-2017-1036_orig.jpg,ВО-1л58-2017-1036
data/raw/images/ВО-1л58-2017-1038_orig.jpg,ВО-1л58-2017-1038
data/raw/images/ВО-1л58-2017-1111_orig.jpg,ВО-1л58-2017-1111
data/raw/images/ВО-1л58-2017-1155_orig.jpg,ВО-1л58-2017-1155
data/raw/images/ВО-1л58-2017-1156_orig.jpg,ВО-1л58-2017-1156
data/raw/images/ВО-1л58-2017-1238_orig.jpg,ВО-1л58-2017-1238
